Date,4-Seam Cum,Changeup Cum,Curveball Cum,Cutter Cum,Intentional Ball Cum,Pitch Out Cum,Sinker Cum,Slider Cum,Total Cum
4/29/08,3898.059755,294.7958624,0,0,0,0,449.5651907,463.0037407,5105.424549
5/5/08,9515.489808,1272.586493,0,0,0,0,2238.096107,1603.883425,14630.05583
5/10/08,15444.85622,2121.196297,0,0,0,106.5259265,2238.096107,2877.153995,22787.82855
5/17/08,23702.96147,3079.234942,0,0,0,106.5259265,3025.543122,4042.603206,33956.86866
5/23/08,24614.65725,3079.234942,0,0,0,106.5259265,3025.543122,4042.603206,34868.56444
5/26/08,27114.58887,3361.609798,0,0,0,106.5259265,3025.543122,4529.228995,38137.49671
5/30/08,30604.89098,3652.227439,0,0,0,106.5259265,3467.609864,5286.427046,43117.68126
6/3/08,31823.54369,3749.273418,0,0,0,106.5259265,3467.609864,5864.381012,45011.33391
6/8/08,35336.25034,4301.737934,0,0,0,106.5259265,3467.609864,6524.359691,49736.48375
6/11/08,37095.63575,4667.39289,0,0,0,212.5233211,3467.609864,6992.337279,52435.4991
8/29/08,38369.25294,4764.438869,0,0,0,212.5233211,3467.609864,7088.170468,53901.99546
8/31/08,40887.26458,4960.620016,0,0,0,212.5233211,3467.609864,7676.720578,57204.73836
9/7/08,48175.9459,6022.467926,0,0,0,212.5233211,3467.609864,9432.432513,67310.97953
9/14/08,55062.93227,7059.067531,0,0,312.8686669,212.5233211,3467.609864,11661.39358,77776.39523
9/19/08,62732.88328,8419.489161,0,0,312.8686669,212.5233211,3467.609864,12628.29235,87773.66664
9/24/08,68957.29006,9095.001673,0,0,312.8686669,316.4070979,3926.689915,14358.74995,96967.00737
4/14/09,75587.08135,10235.17964,0,0,312.8686669,316.4070979,3926.689915,15201.96793,105580.1946
4/19/09,84997.45987,10900.6727,0,0,312.8686669,316.4070979,3926.689915,16431.86133,116885.9596
4/25/09,93762.89373,11851.07665,0,0,312.8686669,316.4070979,3926.689915,17272.87015,127442.8062
4/30/09,102561.1261,13192.82467,0,0,312.8686669,316.4070979,4039.616698,18334.21994,138757.0632
5/5/09,110309.4523,14369.92075,0,0,384.0540047,316.4070979,4039.616698,19801.61863,149221.0695
5/10/09,119653.8706,15785.35324,0,0,384.0540047,316.4070979,4039.616698,20461.59947,160640.9011
5/16/09,127539.7426,17298.55804,0,0,384.0540047,316.4070979,4039.616698,21436.97795,171015.3564
5/21/09,136602.3195,19099.75945,0,0,384.0540047,316.4070979,4039.616698,22194.70361,182636.8604
5/26/09,144098.4572,20631.94519,0,0,384.0540047,316.4070979,4039.616698,23966.81371,193437.2939
5/31/09,151152.8925,21857.44994,0,0,384.0540047,316.4070979,4039.616698,24816.05697,202566.4772
6/6/09,160381.3923,23237.37189,0,0,384.0540047,316.4070979,4039.616698,25707.26559,214066.1076
6/11/09,169685.1273,24641.51696,0,0,384.0540047,316.4070979,4039.616698,27207.0323,226273.7544
6/17/09,177365.3495,26372.62572,0,0,384.0540047,316.4070979,4495.995038,29028.87146,237963.3028
6/23/09,186775.6245,28362.75659,0,0,384.0540047,316.4070979,4495.995038,30381.32833,250716.1655
6/28/09,193441.5919,30281.85311,0,0,384.0540047,316.4070979,4495.995038,30939.82711,259859.7282
7/3/09,201214.8572,32467.15951,0,0,384.0540047,316.4070979,4495.995038,31806.90937,270685.3823
7/8/09,209376.7951,35094.38135,0,0,384.0540047,316.4070979,4495.995038,32383.66492,282051.2975
7/21/09,216305.4282,36924.50032,0,0,384.0540047,316.4070979,4495.995038,33742.2779,292168.6626
7/26/09,223136.9207,38555.12467,0,0,384.0540047,316.4070979,4495.995038,36898.45023,303786.9517
8/1/09,230232.6705,39201.03126,0,0,384.0540047,316.4070979,4495.995038,38360.4758,312990.6337
8/6/09,237663.7098,41019.51117,0,0,384.0540047,316.4070979,4495.995038,39803.55983,323683.237
8/11/09,246175.112,44457.32111,0,0,384.0540047,316.4070979,4495.995038,40285.54889,336114.4381
8/22/09,253787.6923,45595.46094,0,0,384.0540047,421.8766892,4495.995038,42263.59007,346948.669
8/28/09,263183.3216,47021.53143,0,0,384.0540047,421.8766892,4495.995038,42942.40517,358449.184
9/2/09,271396.651,48511.68838,0,0,384.0540047,421.8766892,4495.995038,44092.32936,369302.5945
9/7/09,279405.87,49786.93848,0,0,384.0540047,421.8766892,4495.995038,45268.97518,379763.7094
9/13/09,288267.4573,50826.65935,0,0,384.0540047,421.8766892,4495.995038,46798.94465,391194.9871
9/19/09,296010.0161,52409.75363,0,0,384.0540047,421.8766892,4495.995038,48783.46405,402505.1595
9/25/09,302756.2074,54623.8565,0,0,384.0540047,421.8766892,4495.995038,50362.54233,413044.5319
5/9/10,307722.139,55722.00676,0,0,384.0540047,421.8766892,4603.757062,51208.34412,420062.1777
5/14/10,315546.9236,57700.30541,0,0,384.0540047,421.8766892,4818.045012,52425.98293,431297.1876
5/30/10,324672.8524,59939.57755,0,0,384.0540047,421.8766892,4818.045012,53177.85681,443414.2625
6/4/10,330640.9821,61422.31721,0,0,384.0540047,525.7604659,5729.48309,53839.18438,452541.7812
6/10/10,337758.8948,63404.85468,0,0,384.0540047,525.7604659,5842.409874,55793.5519,463709.5257
6/15/10,345572.5461,65935.42026,0,0,454.7265614,626.6465389,5842.409874,56912.94527,475344.6946
6/20/10,353753.899,68324.60983,0,0,454.7265614,626.6465389,5842.409874,58917.79386,487920.0857
6/26/10,361745.3848,70319.43371,0,109.0021665,454.7265614,626.6465389,5842.409874,59776.07602,498873.6797
7/2/10,369735.8023,72700.54556,0,109.0021665,454.7265614,626.6465389,6065.607842,60823.0645,510515.3955
7/7/10,377225.3826,74772.46037,0,109.0021665,454.7265614,626.6465389,6065.607842,62157.3549,521411.181
7/16/10,384554.6448,76877.24437,0,109.0021665,454.7265614,729.4692188,6179.97222,64094.36795,532999.4272
7/21/10,393669.3753,78308.37775,0,109.0021665,454.7265614,729.4692188,6179.97222,66716.47139,546167.3946
7/26/10,398605.2796,80347.89538,364.0835885,1959.451623,454.7265614,729.4692188,6179.97222,68572.67545,557213.5536
7/31/10,406211.1777,82527.47414,364.0835885,1959.451623,454.7265614,729.4692188,6179.97222,70954.65318,569381.0082
8/5/10,413152.167,84038.94573,453.7373786,1959.451623,454.7265614,729.4692188,6179.97222,72980.42544,579948.8951
8/10/10,420134.3069,87106.18309,633.385746,1959.451623,454.7265614,729.4692188,6290.9315,73982.89447,591291.3491
8/16/10,428606.8781,89344.57111,633.385746,1959.451623,454.7265614,729.4692188,6290.9315,75294.33818,603313.752
8/21/10,435434.6045,92315.181,633.385746,1959.451623,454.7265614,729.4692188,6396.225318,77463.94781,615386.9918
8/26/10,443725.7475,94480.71453,633.385746,1959.451623,454.7265614,835.2905983,7055.154787,78601.59856,627746.0699
9/1/10,450488.0662,96728.10492,633.385746,2066.506814,454.7265614,835.2905983,7055.154787,80500.90864,638762.1443
9/6/10,457845.3346,98666.67936,633.385746,2066.506814,454.7265614,835.2905983,7164.334451,82918.14132,650584.3995
9/11/10,463765.9816,101112.6531,813.3749007,2066.506814,454.7265614,835.2905983,7382.525507,84051.80791,660482.867
9/17/10,472709.6555,102654.2287,813.3749007,2066.506814,454.7265614,835.2905983,7382.525507,86277.63877,673193.9473
9/22/10,479266.7448,104840.3336,813.3749007,2066.506814,454.7265614,835.2905983,8132.376136,88550.96347,684960.3168
9/29/10,486914.5461,106937.5207,813.3749007,2066.506814,454.7265614,835.2905983,8132.376136,89802.08038,695956.4222
4/3/11,493246.2892,108446.5454,813.3749007,2066.506814,454.7265614,835.2905983,8454.621266,91266.14752,705583.5022
4/8/11,498262.2458,109840.7109,813.3749007,2066.506814,454.7265614,835.2905983,10357.84436,93124.80013,715755.5001
4/13/11,506042.6516,111522.7369,813.3749007,2066.506814,454.7265614,835.2905983,10357.84436,95009.80807,727102.9398
4/18/11,514380.3253,113688.1792,813.3749007,2066.506814,454.7265614,835.2905983,10357.84436,96051.95174,738648.1994
4/24/11,521271.5914,115299.9348,813.3749007,2066.506814,454.7265614,835.2905983,10575.14597,97909.49193,749226.063
4/29/11,527350.1578,117622.7732,813.3749007,2700.37636,454.7265614,835.2905983,10575.14597,99380.81606,759732.6614
5/4/11,534951.47,120033.5392,813.3749007,2700.37636,454.7265614,835.2905983,10900.63888,100266.3663,770955.7827
5/9/11,540622.7118,121464.2385,813.3749007,2700.37636,454.7265614,835.2905983,11009.2863,102744.0977,780644.1028
5/16/11,547816.9795,122986.7058,813.3749007,2700.37636,454.7265614,835.2905983,11009.2863,104973.988,791590.728
5/21/11,555087.4221,124953.0609,813.3749007,2700.37636,454.7265614,835.2905983,11009.2863,105949.7815,801803.3192
5/26/11,559084.037,126289.7489,813.3749007,2804.614593,454.7265614,835.2905983,11220.75361,106476.6804,807979.2265
5/31/11,565923.8495,128363.6721,813.3749007,2804.614593,454.7265614,835.2905983,11220.75361,108451.7501,818868.032
6/6/11,572855.3214,129619.5509,813.3749007,2804.614593,454.7265614,835.2905983,11220.75361,110380.3794,828984.0119
6/11/11,579855.2376,131343.023,813.3749007,2804.614593,454.7265614,835.2905983,11437.16356,111871.8625,839415.2932
6/16/11,587785.113,133255.9101,813.3749007,2804.614593,454.7265614,835.2905983,11756.58756,113146.7767,850852.3941
6/21/11,594043.787,135606.0123,813.3749007,2804.614593,454.7265614,835.2905983,11867.54684,114798.4112,861223.764
6/27/11,598576.3278,137145.9892,813.3749007,2804.614593,492.2284414,835.2905983,12205.43691,117557.0908,870430.3532
7/2/11,603164.5138,138757.4362,813.3749007,2804.614593,492.2284414,835.2905983,12205.43691,118359.5744,877432.4698
7/7/11,608509.8077,140302.0829,813.3749007,2804.614593,492.2284414,835.2905983,12423.26734,120325.9808,886506.6473
7/16/11,615178.0887,141687.3376,813.3749007,2804.614593,492.2284414,835.2905983,13762.8842,123056.6596,898630.4787
7/22/11,623510.992,144015.4015,813.3749007,2804.614593,492.2284414,835.2905983,13762.8842,124949.8203,911184.6065
7/27/11,630371.6113,146163.9414,813.3749007,2804.614593,492.2284414,937.4077578,14778.55292,127044.0426,923405.7738
8/2/11,636921.4047,147462.4258,813.3749007,2804.614593,492.2284414,937.4077578,15449.88259,128945.9428,933827.2816
8/7/11,642203.265,149582.6742,813.3749007,2804.614593,492.2284414,1034.106784,15893.80929,130361.6284,943185.7016
8/13/11,649959.3649,152369.5816,813.3749007,2804.614593,492.2284414,1034.106784,16002.81145,132148.9704,955625.053
8/19/11,657548.0307,155829.1807,813.3749007,2804.614593,492.2284414,1034.106784,16878.54004,133470.1982,968870.2743
8/24/11,664464.2192,158106.4609,813.3749007,2804.614593,492.2284414,1034.106784,16878.54004,134513.6939,979107.2388
8/29/11,667806.0073,159435.0676,813.3749007,2804.614593,492.2284414,1034.106784,17442.31565,136040.0364,985867.7517
9/4/11,675028.7216,161141.8662,813.3749007,2804.614593,492.2284414,1034.106784,17664.42605,138865.8192,997845.1577
9/10/11,681585.1434,163569.8224,813.3749007,2804.614593,492.2284414,1034.106784,19102.34288,140792.1318,1010193.765
9/15/11,687057.1052,165705.8025,813.3749007,2804.614593,492.2284414,1034.106784,19872.24597,141839.4693,1019618.948
9/21/11,692357.312,167391.5239,813.3749007,2804.614593,492.2284414,1034.106784,19872.24597,143565.4098,1028330.816
9/27/11,697022.8412,169759.5668,813.3749007,2804.614593,492.2284414,1034.106784,23092.55027,144821.8892,1039841.172
10/2/11,704328.7061,172247.2473,813.3749007,2804.614593,492.2284414,1034.106784,23092.55027,146101.536,1050914.364
10/6/11,706845.4208,173115.3275,813.3749007,2804.614593,492.2284414,1034.106784,23092.55027,146204.5353,1054402.159
10/10/11,712563.9907,175102.0221,813.3749007,2804.614593,492.2284414,1034.106784,23092.55027,148094.386,1063997.274
10/15/11,716031.7833,175672.7172,813.3749007,3467.17213,492.2284414,1034.106784,23092.55027,149948.1412,1070552.074
4/8/12,721137.5695,176919.8381,813.3749007,3467.17213,492.2284414,1034.106784,23654.32631,151532.6967,1079051.313
4/13/12,727214.9138,178755.8257,813.3749007,3467.17213,492.2284414,1034.106784,24097.14733,153660.6349,1089535.404
4/18/12,732047.5281,181095.3407,813.3749007,3467.17213,492.2284414,1034.106784,26440.99178,154265.2711,1099656.014
4/24/12,738486.7657,183610.011,813.3749007,3467.17213,492.2284414,1034.106784,27104.55317,155556.4803,1110564.692
4/29/12,745709.1851,186402.9709,813.3749007,3467.17213,492.2284414,1034.106784,28120.74118,157078.1514,1123117.931
5/5/12,751495.904,187745.4244,813.3749007,3467.17213,492.2284414,1034.106784,28897.653,159430.0501,1133375.914
5/10/12,758682.176,189366.7857,813.3749007,3467.17213,492.2284414,1034.106784,29113.35743,161557.6928,1144526.894
5/15/12,764289.3649,191004.9965,813.3749007,3467.17213,492.2284414,1034.106784,29686.78355,164232.8706,1155020.898
5/20/12,769950.9175,193629.3914,813.3749007,3467.17213,492.2284414,1034.106784,31706.66947,166096.9266,1167190.787
5/26/12,775423.0322,194968.1775,813.3749007,3467.17213,492.2284414,1034.106784,31929.66129,167344.7988,1175472.552
5/31/12,784733.1086,197185.1425,813.3749007,3467.17213,492.2284414,1034.106784,31929.66129,168415.896,1188070.691
6/6/12,790804.1968,199647.9412,813.3749007,3467.17213,636.8682463,1034.106784,31929.66129,169322.4877,1197655.809
6/12/12,797191.6908,201961.4193,813.3749007,3467.17213,793.3108341,1132.544125,33606.81825,170702.0092,1209668.339
6/17/12,804120.1685,204324.7977,813.3749007,3683.404083,793.3108341,1132.544125,34403.61828,173102.3307,1222373.549
6/23/12,810782.0963,206222.8886,813.3749007,3683.404083,793.3108341,1132.544125,34403.61828,175024.173,1232855.41
6/28/12,818268.8231,208531.6648,813.3749007,3792.938992,793.3108341,1132.544125,34403.61828,176870.369,1244606.644
7/8/12,824927.0843,210261.0301,813.3749007,3792.938992,793.3108341,1132.544125,34966.83595,179495.2646,1256182.384
7/14/12,830236.9206,211923.7168,813.3749007,4011.848838,793.3108341,1132.544125,34966.83595,182204.1048,1266082.657
7/19/12,836829.4633,213877.4918,813.3749007,4011.848838,793.3108341,1132.544125,36115.07001,184178.4953,1277751.599
7/25/12,844604.5523,216202.5642,813.3749007,4011.848838,793.3108341,1132.544125,36115.07001,185253.6851,1288926.95
7/30/12,850731.7601,217954.6502,899.6402239,4011.848838,793.3108341,1132.544125,36115.07001,187928.3005,1299567.125
8/5/12,857839.962,220323.0641,899.6402239,4011.848838,793.3108341,1235.720127,36448.50345,189240.2409,1310792.291
8/10/12,866495.7222,220323.0641,899.6402239,4121.206083,793.3108341,1235.720127,36448.50345,192565.1245,1322882.292
8/15/12,874804.9047,222066.5761,899.6402239,4226.675674,793.3108341,1235.720127,36448.50345,194897.4562,1335372.787
8/21/12,882206.0417,223953.7342,899.6402239,4226.675674,793.3108341,1235.720127,36788.7213,197374.3503,1347478.194
8/26/12,889137.9383,225519.7968,1065.965623,4226.675674,793.3108341,1235.720127,38505.10891,199922.1206,1360406.637
9/1/12,894941.02,227261.392,1319.217274,4226.675674,793.3108341,1235.720127,39494.45188,203075.0909,1372346.879
9/7/12,901884.3379,227261.392,1319.217274,4226.675674,793.3108341,1235.720127,39494.45188,208064.7078,1384279.813
9/12/12,908858.7544,230014.294,1319.217274,4226.675674,793.3108341,1235.720127,39943.14773,210211.1086,1396602.229
9/18/12,911463.783,230964.4989,1404.472898,4226.675674,793.3108341,1235.720127,40491.90238,210587.2092,1401167.573
9/23/12,914794.463,233158.6523,1743.991704,4226.675674,793.3108341,1235.720127,42092.48869,211715.0693,1409760.372
10/3/12,918694.7314,234294.9213,2243.23176,4226.675674,793.3108341,1337.661139,42307.31084,213570.3619,1417468.205
10/10/12,924741.8022,236075.371,2492.274782,4226.675674,793.3108341,1337.661139,42307.31084,214916.7584,1426891.165
10/18/12,929382.3252,238257.9964,2572.442025,4226.675674,793.3108341,1337.661139,44077.75554,216445.8254,1437093.992
10/28/12,934177.4451,240305.5113,2572.442025,4226.675674,793.3108341,1337.661139,44829.8034,217944.7674,1446187.617
4/6/13,939024.9926,242272.0608,2818.280124,4226.675674,793.3108341,1337.661139,44829.8034,219626.4378,1454929.222
4/12/13,946075.341,244263.0526,3318.523495,4226.675674,793.3108341,1337.661139,44829.8034,220381.7734,1465226.141
4/17/13,952673.81,246269.9046,3648.424145,4226.675674,793.3108341,1337.661139,44829.8034,222241.5121,1476021.102
4/24/13,958639.4713,248175.0103,3648.424145,4226.675674,793.3108341,1337.661139,44829.8034,224023.6262,1485673.983
4/29/13,965277.0854,250980.1921,4592.643623,4226.675674,793.3108341,1337.661139,44829.8034,225362.5992,1497399.971
5/4/13,971807.124,251921.4768,5344.599889,4226.675674,793.3108341,1337.661139,44829.8034,227955.5429,1508216.195
5/10/13,978389.1779,254117.0943,6261.527339,4226.675674,793.3108341,1337.661139,44829.8034,228808.013,1518763.264
5/15/13,985541.1677,255165.6537,6938.912377,4226.675674,793.3108341,1337.661139,44829.8034,230442.3368,1529275.522
5/21/13,992748.7362,257788.9649,7368.069779,4226.675674,793.3108341,1337.661139,44829.8034,232596.4034,1541689.625
5/26/13,999448.5044,260266.9907,8047.775087,4226.675674,793.3108341,1337.661139,44829.8034,233937.8816,1552888.603
5/31/13,1006685.894,262670.9341,8733.042988,4226.675674,793.3108341,1337.661139,44829.8034,235956.3516,1565233.674
6/6/13,1012140.577,264830.1634,9566.702523,4226.675674,793.3108341,1337.661139,44829.8034,237582.1577,1575307.051
6/11/13,1018584.092,266865.1116,10071.6837,4226.675674,793.3108341,1337.661139,44829.8034,239345.3047,1586053.643
6/17/13,1025368.765,269647.7632,10736.26076,4226.675674,793.3108341,1337.661139,44829.8034,240795.03,1597735.27
6/22/13,1031965.171,272831.9674,11315.32547,4226.675674,793.3108341,1337.661139,44829.8034,241281.3094,1608581.224
6/28/13,1038020.51,275379.3723,12293.25677,4226.675674,793.3108341,1337.661139,44829.8034,242694.6097,1619575.199
7/3/13,1044779.775,277531.5439,13041.05222,4226.675674,793.3108341,1337.661139,44829.8034,244866.9515,1631406.774
7/8/13,1052032.417,280053.7722,14147.91256,4226.675674,793.3108341,1337.661139,44829.8034,246213.1085,1643634.661
7/13/13,1059264.611,282323.9159,15131.89699,4226.675674,793.3108341,1436.272802,44829.8034,248013.5035,1656019.99
7/16/13,1060184.099,282623.4275,15214.9757,4226.675674,793.3108341,1436.272802,44829.8034,248013.5035,1657322.068
7/22/13,1066057.855,284096.5607,15977.51705,4226.675674,793.3108341,1436.272802,44829.8034,250814.5319,1668232.527
7/27/13,1070144.486,285412.7676,16462.02002,4226.675674,793.3108341,1436.272802,44829.8034,252393.0214,1675698.358
8/3/13,1075948.054,287492.3739,17383.55664,4226.675674,793.3108341,1436.272802,44829.8034,254375.6538,1686485.701
8/8/13,1082077.173,290076.5396,17976.34647,4226.675674,793.3108341,1436.272802,44829.8034,255423.8107,1696839.933
8/13/13,1088971.725,291507.1258,18308.83668,4226.675674,793.3108341,1436.272802,44829.8034,257739.0265,1707812.776
8/18/13,1095811.242,293932.3266,18890.28761,4226.675674,793.3108341,1436.272802,44829.8034,259075.9452,1718995.864
8/24/13,1103909.475,295157.0547,19214.20127,4226.675674,793.3108341,1436.272802,44829.8034,261725.4508,1731292.245
8/29/13,1110008.52,297548.5269,20337.15854,4226.675674,793.3108341,1436.272802,44829.8034,262186.7363,1741367.004
9/3/13,1117832.633,298899.3214,20843.00047,4226.675674,793.3108341,1436.272802,44829.8034,264233.4342,1753094.451
9/9/13,1122858.785,299951.9698,21499.39412,4226.675674,793.3108341,1436.272802,44829.8034,266744.9859,1762341.197
9/15/13,1129751.092,302182.4519,22380.4976,4226.675674,793.3108341,1436.272802,44829.8034,268438.9297,1774039.034
9/20/13,1134876.344,303853.9578,23036.89949,4226.675674,793.3108341,1436.272802,44829.8034,270060.8381,1783114.102
9/25/13,1144696.116,305546.2556,23202.35286,4226.675674,793.3108341,1436.272802,44829.8034,271394.7916,1796125.579
10/4/13,1152763.923,308882.2227,23780.18172,4226.675674,793.3108341,1436.272802,44829.8034,271782.9829,1808495.373
10/8/13,1155953.146,310036.43,23780.18172,4226.675674,862.9545953,1436.272802,44829.8034,272073.0834,1813198.547
10/13/13,1163019.422,312194.3535,24280.9969,4226.675674,862.9545953,1436.272802,44829.8034,273471.9147,1824322.393
10/19/13,1170848.245,314070.3231,24442.20488,4226.675674,862.9545953,1436.272802,44829.8034,275203.9817,1835920.461
4/2/14,1177477.274,316093.4392,25231.66979,4226.675674,862.9545953,1436.272802,44829.8034,276701.3747,1846859.464
4/8/14,1183289.844,318050.2004,25800.7426,4226.675674,862.9545953,1436.272802,44829.8034,278955.4461,1857451.94
4/13/14,1189911.422,320429.5825,26517.82657,4226.675674,862.9545953,1533.666087,44829.8034,279521.3213,1867833.253
4/19/14,1196486.851,322675.0585,27464.51488,4226.675674,862.9545953,1533.666087,44829.8034,280821.6938,1878901.218
4/24/14,1202322.969,324545.1219,28034.54141,4226.675674,862.9545953,1533.666087,44829.8034,283584.2563,1889939.988
4/30/14,1208853.714,326340.3514,29002.69287,4226.675674,862.9545953,1533.666087,44829.8034,284935.6915,1900585.549
5/5/14,1214768.189,328940.5387,29568.035,4332.497053,862.9545953,1533.666087,44829.8034,286835.4954,1911671.18
5/10/14,1221821.452,331572.861,30145.09498,4332.497053,862.9545953,1533.666087,44829.8034,288384.0069,1923482.336
5/16/14,1228339.608,333389.9399,30871.32452,4332.497053,862.9545953,1533.666087,44829.8034,289825.8053,1933985.599
5/21/14,1234338.203,336316.0398,32778.43703,4332.497053,862.9545953,1533.666087,44829.8034,290211.5956,1945203.197
5/27/14,1239604.982,339411.6822,34372.38487,4332.497053,862.9545953,1533.666087,44829.8034,290895.1088,1955843.079
6/1/14,1246044.3,341557.9714,36267.11375,4332.497053,862.9545953,1634.376659,44829.8034,291858.8331,1967387.85
6/7/14,1252440.771,344014.7441,37703.58682,4332.497053,862.9545953,1634.376659,44829.8034,293211.2714,1979030.005
6/12/14,1259038.96,345621.7577,38775.4728,4332.497053,862.9545953,1634.376659,44829.8034,295430.0887,1990525.911
6/17/14,1264424.51,347765.6971,39264.81187,4332.497053,862.9545953,1634.376659,44829.8034,296887.5523,2000002.203
6/22/14,1270829.789,350887.2638,40775.46016,4332.497053,862.9545953,1634.376659,44829.8034,297377.6695,2011529.814
6/28/14,1277706.917,352227.8965,42002.25537,4332.497053,862.9545953,1634.376659,44829.8034,299407.4901,2023004.191
7/3/14,1283467.219,354667.5327,43167.01493,4332.497053,862.9545953,1634.376659,44829.8034,300735.2524,2033696.65
7/9/14,1289685.388,355999.1303,43577.24806,4332.497053,862.9545953,1634.376659,44829.8034,303202.2337,2044123.632
7/15/14,1290939.307,356193.2236,43668.26713,4332.497053,862.9545953,1634.376659,44829.8034,303579.1925,2046039.622
7/19/14,1297929.239,359025.3101,44596.95615,4332.497053,862.9545953,1634.376659,44829.8034,304819.7236,2058030.861
7/24/14,1304064.144,360784.4235,45190.78063,4332.497053,862.9545953,1634.376659,44829.8034,306947.7488,2068646.729
7/30/14,1309696.523,362796.1796,45928.1331,4332.497053,862.9545953,1634.376659,44829.8034,308578.274,2078658.742
8/4/14,1317956.228,365154.3346,46516.24037,4332.497053,862.9545953,1634.376659,44829.8034,309356.8098,2090643.245
8/9/14,1324710.905,367234.1575,47704.1614,4332.497053,862.9545953,1634.376659,44829.8034,310224.7898,2101533.646
8/14/14,1331521.418,369567.0253,48600.41295,4332.497053,862.9545953,1634.376659,44829.8034,312415.0987,2113763.587
8/19/14,1338190.935,371048.2505,49411.75743,4332.497053,862.9545953,1634.376659,44829.8034,314766.566,2125077.141
8/24/14,1345014.308,373823.4488,49980.59979,4332.497053,862.9545953,1634.376659,44829.8034,315798.2217,2136276.21
8/30/14,1352282.16,375575.1381,50873.91977,4439.728829,862.9545953,1634.376659,44829.8034,317324.2813,2147822.363
9/4/14,1361218.641,377811.9379,51791.42152,4439.728829,862.9545953,1634.376659,44829.8034,318088.04,2160676.904
9/9/14,1368576.01,380266.3003,52459.12135,4439.728829,862.9545953,1634.376659,44829.8034,319716.6252,2172784.92
9/15/14,1375826.971,382207.7176,53020.12589,4439.728829,862.9545953,1734.911822,44829.8034,320180.9909,2183103.204
9/20/14,1383425.106,383682.2418,54034.46791,4439.728829,862.9545953,1734.911822,44829.8034,321727.4118,2194736.626
9/25/14,1390809.266,386112.3243,54886.24461,4439.728829,862.9545953,1734.911822,44829.8034,323003.9852,2206679.218
10/2/14,1396669.578,387337.8365,55745.23472,4439.728829,862.9545953,1734.911822,44829.8034,325134.8166,2216754.865
4/6/15,1405354.444,388943.1915,56024.54403,4573.619552,862.9545953,1734.911822,44829.8034,327420.8181,2229744.287
4/12/15,1415391.071,389974.4613,57021.86914,5235.970836,862.9545953,1734.911822,44829.8034,328397.7073,2243448.75
4/17/15,1423249.465,391985.7839,57903.27902,5503.007282,862.9545953,1734.911822,44829.8034,330086.5765,2256155.782
4/23/15,1430647.081,393561.3663,58473.99307,5755.566043,862.9545953,1734.911822,44829.8034,331061.6249,2266927.302
5/1/15,1439853.533,394714.3224,58582.12449,6023.428903,862.9545953,1734.911822,44829.8034,333514.6146,2280115.694
5/6/15,1449246.096,395972.2017,59635.38932,6297.675016,862.9545953,1734.911822,44829.8034,336701.0948,2295280.127
5/11/15,1457464.558,397141.7598,60147.30995,6297.675016,862.9545953,1734.911822,44829.8034,339293.438,2307772.411
5/16/15,1466278.782,399315.581,60626.92851,6297.675016,862.9545953,1734.911822,44829.8034,341727.6241,2321674.26
5/22/15,1473979.453,402274.1893,61905.65218,6576.543397,862.9545953,1734.911822,44829.8034,343447.7245,2335611.232
5/27/15,1483872.251,403774.9374,62968.79922,6576.543397,862.9545953,1734.911822,44829.8034,345781.3869,2350401.588
6/2/15,1491875.047,405143.5851,63159.49348,6576.543397,862.9545953,1734.911822,44829.8034,349291.8461,2363474.185
6/9/15,1501922.164,407744.7987,65076.44464,6820.239317,862.9545953,1734.911822,44829.8034,350038.2452,2379029.561
6/14/15,1511876.603,409189.6315,65985.71205,6820.239317,862.9545953,1734.911822,44829.8034,353423.6094,2394723.465
6/20/15,1520603.791,410557.3471,67081.99451,6953.374827,862.9545953,1734.911822,44829.8034,356018.299,2408642.476
6/26/15,1529131.826,412836.6556,68418.89742,7215.375542,862.9545953,1734.911822,44829.8034,357001.5771,2422032.001
7/2/15,1537446.582,414528.1097,69621.4056,7331.898246,862.9545953,1734.911822,44829.8034,359312.5519,2435668.217
7/7/15,1543433.204,415950.8822,70330.78028,7331.898246,862.9545953,1734.911822,44829.8034,361559.3163,2446033.751
7/12/15,1554021.783,417665.8515,70962.95612,7331.898246,862.9545953,1734.911822,44829.8034,364035.7599,2461445.919
7/19/15,1562059.988,419435.129,71983.20969,7686.954618,862.9545953,1734.911822,44829.8034,365717.0694,2474310.02
7/24/15,1570978.99,420823.33,72876.54531,7686.954618,862.9545953,1734.911822,44829.8034,367718.971,2487512.461
7/30/15,1580022.963,423008.4458,73362.45657,7686.954618,862.9545953,1734.911822,44829.8034,370473.5172,2501982.007
8/4/15,1590559.457,424947.3283,73683.64144,7822.444337,862.9545953,1734.911822,44829.8034,373230.7831,2517671.324
8/9/15,1599334.842,426113.2538,73878.61806,7822.444337,862.9545953,1734.911822,44829.8034,374558.2916,2529135.12
8/14/15,1603649.832,427259.2793,74278.13045,7822.444337,862.9545953,1734.911822,44829.8034,376385.5204,2536822.876
8/20/15,1613526.182,429498.2039,74483.27026,8971.890506,862.9545953,1734.911822,44829.8034,376869.1557,2550776.372
8/28/15,1620808.879,430736.2639,75104.34526,9078.240174,862.9545953,1734.911822,44829.8034,378991.9905,2562147.388
9/2/15,1630879.114,431550.7333,76800.55879,9078.240174,862.9545953,1734.911822,44829.8034,381134.8598,2576871.175
9/7/15,1640200.834,432369.6291,77627.93108,9211.747494,862.9545953,1734.911822,44829.8034,384078.9619,2590916.773
9/13/15,1648968.235,433607.0484,78871.36639,9608.814991,862.9545953,1734.911822,44829.8034,386125.6233,2604608.758
9/18/15,1657985.664,434746.8615,79943.43221,10332.89812,862.9545953,1734.911822,44829.8034,388296.0884,2618732.614
9/23/15,1670084.447,435559.1292,80561.39894,10702.51754,862.9545953,1734.911822,44829.8034,391453.6695,2635788.832
9/28/15,1680341.412,436959.3803,82191.85151,10835.83144,862.9545953,1734.911822,44829.8034,393420.3378,2651176.483
10/3/15,1690529.966,437644.3838,83433.77934,11461.72188,862.9545953,1734.911822,44829.8034,395636.152,2666133.673
4/4/16,1698496.607,439155.4362,84512.54535,11461.72188,862.9545953,1734.911822,44829.8034,398269.2633,2679323.243
4/11/16,1706949.095,440512.9436,85828.14184,11461.72188,862.9545953,1734.911822,44829.8034,399945.9681,2692125.54
4/16/16,1715805.187,442645.3803,86807.53708,11703.00412,862.9545953,1734.911822,44829.8034,402165.7926,2706554.57
4/21/16,1723752.263,444422.0392,87175.96575,11833.39419,862.9545953,1734.911822,44829.8034,404729.8238,2719341.156
4/26/16,1733396.201,445816.4077,88223.19045,11971.49447,862.9545953,1734.911822,44829.8034,407928.7481,2734763.712
5/1/16,1741742.928,446992.6406,89133.69404,12484.81266,862.9545953,1734.911822,44829.8034,411196.2095,2748977.954
5/6/16,1749256.362,448509.0107,89852.16905,12896.78829,862.9545953,1734.911822,44829.8034,413721.966,2761663.965
5/11/16,1753763.306,450015.5759,90464.57555,12896.78829,862.9545953,1734.911822,49790.80223,418165.6544,2777694.569
5/17/16,1761433.869,452120.7678,92030.05097,12896.78829,862.9545953,1734.911822,49790.80223,419835.1517,2790705.296
5/22/16,1769115.437,453836.2846,92401.70693,13166.04781,862.9545953,1734.911822,49790.80223,423377.0906,2804285.235
5/27/16,1776588.221,455216.0561,92985.30729,13166.04781,862.9545953,1734.911822,49790.80223,426161.78,2816506.081
6/1/16,1785569.999,457373.63,94351.48478,13801.8762,862.9545953,1734.911822,49790.80223,427894.2297,2831379.889
6/8/16,1793431.377,459161.4149,95174.91013,14999.34024,862.9545953,1734.911822,49790.80223,429533.6758,2844689.387
6/13/16,1801755.1,460771.67,95999.13766,15236.96535,862.9545953,1734.911822,49790.80223,431576.4326,2857727.975
6/18/16,1809982.559,463104.42,96256.08247,15236.96535,862.9545953,1734.911822,49790.80223,435950.7112,2872919.406
6/24/16,1820071.474,464797.2086,97252.42584,15338.55434,862.9545953,1734.911822,49790.80223,438651.3913,2888499.723
6/29/16,1828742.826,466783.146,98431.30138,16000.67928,862.9545953,1734.911822,49790.80223,440992.9228,2903339.544
7/4/16,1837127.691,468704.5493,99324.29122,16262.69962,862.9545953,1734.911822,49790.80223,444529.0496,2918336.95
7/9/16,1848058.767,470108.6988,100708.7591,16403.71202,862.9545953,1734.911822,49790.80223,446940.082,2934608.687
7/12/16,1849482.295,470229.8571,100924.0448,16526.91604,862.9545953,1734.911822,49790.80223,447607.0225,2937158.804
7/17/16,1858293.666,471150.9096,101509.7873,16662.52222,862.9545953,1734.911822,49790.80223,451138.9024,2951144.456
7/23/16,1867474.768,471859.6518,102217.9157,17333.38354,862.9545953,1734.911822,49790.80223,453559.7992,2964834.187
7/29/16,1877403.323,474082.097,103570.2384,17721.27926,862.9545953,1734.911822,49790.80223,455367.7599,2980533.366
8/3/16,1885585.93,475144.3954,104686.545,17721.27926,862.9545953,1734.911822,49790.80223,458660.1584,2994186.977
8/9/16,1896011.78,476341.9077,105783.1499,17823.04422,862.9545953,1734.911822,49790.80223,460761.4701,3009110.02
8/15/16,1905578.07,477267.4567,106169.3621,17823.04422,862.9545953,1734.911822,49790.80223,463237.3519,3022463.954
8/20/16,1914618.809,478198.3226,106976.084,17956.16979,862.9545953,1734.911822,49790.80223,465798.6192,3035936.674
8/25/16,1923118.256,478436.8865,107682.7896,18094.69499,862.9545953,1734.911822,49790.80223,469120.2072,3048841.503
8/30/16,1931187.994,480122.5477,108314.6453,18770.23711,862.9545953,1734.911822,49790.80223,471818.7615,3062602.854
9/5/16,1939557.806,481608.5007,109122.0446,18770.23711,862.9545953,1734.911822,49790.80223,475369.4916,3076816.749
9/10/16,1949914.35,482886.966,109984.6592,18770.23711,862.9545953,1734.911822,49790.80223,478673.6588,3092618.539
9/16/16,1958362.994,483944.2008,110790.1725,19036.33555,862.9545953,1734.911822,49790.80223,481742.0122,3106264.383
9/21/16,1967116.227,485081.9472,111465.8438,19036.33555,862.9545953,1734.911822,49790.80223,485082.6826,3120171.704
9/27/16,1973780.038,485863.2717,112173.4377,19166.8991,862.9545953,1734.911822,49790.80223,489553.3241,3132925.639
10/2/16,1978789.343,487007.2073,112661.0173,19267.43426,862.9545953,1734.911822,49790.80223,492517.6468,3142631.317
10/7/16,1986357.779,489536.7474,114103.9933,19267.43426,862.9545953,1734.911822,49790.80223,493015.0642,3154669.687
10/13/16,1994712.608,492074.2641,115172.99,19404.68315,862.9545953,1734.911822,49790.80223,493976.2025,3167729.417
4/7/17,2002874.176,493577.1767,115672.1079,19404.68315,862.9545953,1734.911822,49938.74647,496643.0476,3180707.805
4/12/17,2010638.738,494842.5159,116590.1093,20543.36774,862.9545953,1734.911822,49938.74647,499228.9021,3194380.246
4/18/17,2018301.006,496092.6214,117408.0265,21056.81401,862.9545953,1734.911822,50358.73695,502720.1202,3208535.192
4/23/17,2025397.814,498278.9983,118517.5488,22204.71312,862.9545953,1734.911822,51690.87237,504276.545,3222964.358
4/28/17,2032524.853,499665.3344,120362.0846,23097.54752,862.9545953,1734.911822,51690.87237,505737.5157,3235676.074
5/4/17,2039989.656,501362.4037,121144.3941,23719.62847,862.9545953,1734.911822,51690.87237,508980.3963,3249485.217
5/9/17,2047934.708,503106.5212,121768.3259,24234.69822,862.9545953,1734.911822,52141.78497,512413.1539,3264197.059
5/14/17,2056284.403,504099.6421,123762.2022,25752.90438,862.9545953,1734.911822,52141.78497,513253.4005,3277892.203
5/20/17,2062001.365,505096.4735,124155.4044,26002.77136,862.9545953,1734.911822,54983.59456,516942.2243,3291779.699
5/26/17,2069084.414,506899.8111,125451.5444,26643.25389,862.9545953,1734.911822,54983.59456,520102.4773,3305762.962
5/31/17,2075998.924,508347.0598,126073.1013,27547.73375,862.9545953,1734.911822,55131.44043,523097.2839,3318793.409
6/6/17,2082748.484,510643.7804,126709.3072,29102.1998,862.9545953,1734.911822,55131.44043,525650.937,3332584.015
6/11/17,2090893.449,512012.71,127328.6615,30277.09503,862.9545953,1734.911822,55286.51667,528606.4651,3347002.764
6/16/17,2097396.431,513629.5913,128482.7228,31032.19213,862.9545953,1734.911822,57016.89036,532377.2417,3362532.936
6/21/17,2105396.548,515252.3153,129218.3881,33131.22727,862.9545953,1734.911822,57452.44469,535491.8027,3378540.593
6/27/17,2111904.107,516845.1535,129829.0181,34947.08526,862.9545953,1734.911822,57452.44469,537204.8173,3390780.492
7/2/17,2117120.025,519087.4682,130036.3211,35745.69542,862.9545953,1734.911822,58196.51006,541098.2005,3403882.086
7/7/17,2124494.221,521362.2639,130753.0945,37169.74571,862.9545953,1734.911822,58196.51006,544836.2924,3419409.994
7/11/17,2125872.706,521362.2639,130753.0945,37169.74571,862.9545953,1734.911822,58196.51006,545565.715,3421517.901
7/15/17,2131621.626,523427.5538,131165.3391,38330.98434,862.9545953,1734.911822,58196.51006,548466.9337,3433806.814
7/21/17,2134118.178,524925.47,132274.5078,39106.92167,862.9545953,1734.911822,62353.58182,551138.2965,3446514.822
7/27/17,2141839.562,527163.8326,132783.1108,40141.45618,862.9545953,1734.911822,62353.58182,553855.0588,3460734.468
8/1/17,2142537.134,527384.4044,132886.4671,40270.44751,862.9545953,1734.911822,62353.58182,553974.9405,3462004.842
8/7/17,2150499.054,528747.2707,134022.4084,42081.78657,862.9545953,1734.911822,62353.58182,556772.7095,3477074.678
8/13/17,2157055.677,530302.6114,135550.8886,43110.43151,862.9545953,1734.911822,62353.58182,559811.5593,3490782.616
8/28/17,2164660.461,531635.914,136343.0733,43752.23521,862.9545953,1734.911822,62353.58182,562615.7243,3503958.856
9/2/17,2170686.91,533375.6342,137027.9836,44148.84544,862.9545953,1734.911822,62499.72136,563330.9948,3513667.955
9/8/17,2179021.984,534510.1124,137721.867,45430.04621,862.9545953,1734.911822,62643.55222,565471.6703,3527397.099
9/13/17,2186222.682,537229.542,138499.4847,46504.08446,862.9545953,1734.911822,62643.55222,568244.9528,3541942.164
9/19/17,2193942.337,539103.042,139768.863,48418.63456,862.9545953,1734.911822,62643.55222,569946.8948,3556421.19
9/24/17,2199493.342,541316.1412,140343.0296,49540.81922,862.9545953,1734.911822,62643.55222,571493.1097,3567427.861
9/30/17,2203487.323,542212.4658,140936.7428,49914.17815,862.9545953,1734.911822,62643.55222,572550.5935,3574342.722
10/9/17,2210492.008,543755.5613,141612.4733,51350.44441,862.9545953,1734.911822,62643.55222,574635.1885,3587087.094
10/12/17,2212924.461,544092.0859,141612.4733,52004.02096,862.9545953,1734.911822,62643.55222,575126.1433,3591000.604
3/30/18,2220381.505,545974.2421,142007.3646,53806.22668,862.9545953,1734.911822,62643.55222,576690.5849,3604101.341
4/4/18,2228164.376,547981.8281,142837.8457,56367.69842,862.9545953,1734.911822,62643.55222,577847.0416,3618440.209
4/9/18,2235079.008,549727.2935,143871.7174,58292.32872,862.9545953,1734.911822,62643.55222,579383.6835,3631595.45
4/14/18,2243597.214,550840.5144,144591.1947,60765.33957,862.9545953,1734.911822,62643.55222,580509.3666,3645545.048
4/20/18,2251355.752,552743.2619,145409.8936,62323.40524,862.9545953,1734.911822,62643.55222,582414.9195,3659488.651
4/25/18,2258627.865,554404.6893,146018.9729,63600.46069,862.9545953,1734.911822,62643.55222,584431.7802,3672325.187
5/1/18,2266647.304,556300.7426,146650.0826,65278.48961,862.9545953,1734.911822,62643.55222,586230.9859,3686349.023
5/6/18,2275471.363,558293.148,147063.8326,66826.1604,862.9545953,1734.911822,62643.55222,588050.8363,3700946.759
5/11/18,2281110.137,560113.3561,148100.8343,68512.62952,862.9545953,1734.911822,62643.55222,589260.8605,3712339.236
5/19/18,2290310.844,562210.0911,149231.0053,69800.67051,862.9545953,1734.911822,62643.55222,591358.4649,3728152.494
5/25/18,2298176.433,563947.2539,150012.192,70821.17947,862.9545953,1734.911822,62643.55222,594642.0271,3742840.504
5/30/18,2306393.942,565733.6061,150425.5383,72246.11298,862.9545953,1734.911822,62643.55222,597604.3428,3757644.961
6/5/18,2313393.376,567299.4868,151063.7922,73414.20191,862.9545953,1734.911822,62643.55222,600397.4429,3770809.718
6/10/18,2322543.162,569360.4199,151663.7033,73671.39552,862.9545953,1734.911822,62643.55222,603172.6096,3785652.709
6/16/18,2330606.699,571632.5993,152584.7852,74595.0945,862.9545953,1734.911822,62643.55222,605335.8867,3799996.484
6/21/18,2337963.218,573388.5004,153523.5894,75504.36824,862.9545953,1734.911822,62643.55222,607489.9403,3813111.035
6/26/18,2345426.864,575277.7338,154469.0569,76670.88504,862.9545953,1734.911822,62643.55222,609648.5019,3826734.46
7/2/18,2353127.8,577308.3364,155379.1682,78742.59747,862.9545953,1734.911822,62643.55222,611064.1194,3840863.441
7/7/18,2361517.044,579074.7711,156100.7571,79535.93911,862.9545953,1734.911822,62643.55222,613863.104,3855333.034
7/12/18,2369385.477,580839.6436,156752.9987,81387.35247,862.9545953,1734.911822,62643.55222,615296.6621,3868903.552
7/17/18,2371860.14,580950.5863,156967.2544,81387.35247,862.9545953,1734.911822,62643.55222,616967.0043,3873373.756
7/22/18,2379350.504,582490.6396,158175.0197,81906.28176,862.9545953,1734.911822,62643.55222,620060.1215,3887223.985
7/27/18,2387473.193,584410.4104,159133.3533,83090.26667,862.9545953,1734.911822,62643.55222,621990.5699,3901339.212
8/2/18,2395141.516,586634.0596,160558.4126,84940.56944,862.9545953,1734.911822,62643.55222,623196.5897,3915712.566
8/7/18,2403823.111,588872.8181,161664.8933,86007.0883,862.9545953,1734.911822,62643.55222,625139.4026,3930748.732
8/12/18,2411470.441,590568.4568,162884.6438,87473.17554,862.9545953,1734.911822,62643.55222,627163.8241,3944801.96
8/17/18,2418859.11,592232.0252,163509.5017,88784.42691,862.9545953,1734.911822,62643.55222,628990.6782,3957617.161
8/23/18,2427622.179,593705.863,164350.8059,90122.57042,862.9545953,1734.911822,62643.55222,631208.9264,3972251.763
8/28/18,2434298.784,595625.657,166132.2064,91179.26947,862.9545953,1734.911822,62643.55222,632666.6403,3985143.976
9/3/18,2441862.02,597403.6341,167048.8625,91716.48153,862.9545953,1734.911822,62643.55222,635516.0749,3998788.492
9/8/18,2450272.789,599199.7399,167662.6009,93412.95779,862.9545953,1734.911822,62643.55222,637746.9968,4013536.503
9/14/18,2457831.661,600918.1144,168331.1279,93809.61385,862.9545953,1734.911822,62643.55222,640642.4714,4026774.407
9/20/18,2464262.913,603948.2807,169041.1841,95503.80564,862.9545953,1734.911822,62643.55222,642088.0764,4040085.678
9/25/18,2472063.937,604950.521,169921.051,95762.30454,862.9545953,1734.911822,62643.55222,645198.95,4053138.183
3/28/19,2479665.744,608084.9621,170869.6048,96698.29913,862.9545953,1734.911822,62643.55222,647027.7808,4067587.809
4/2/19,2486281.559,609786.5642,171819.6129,97500.12841,862.9545953,1734.911822,62643.55222,649500.3531,4080129.637
4/7/19,2494961.35,611153.3173,172135.4035,98301.58956,862.9545953,1734.911822,62643.55222,651907.5564,4093700.635
4/14/19,2501223.048,613440.8084,173139.5152,99088.87263,862.9545953,1734.911822,62643.55222,653984.8272,4106118.49
4/20/19,2509048.655,614918.5829,174092.5715,100039.2829,862.9545953,1734.911822,62643.55222,657286.3253,4120626.836
4/26/19,2515982.077,616499.2758,174501.4803,100562.788,862.9545953,1734.911822,62643.55222,661167.8939,4133954.933
5/1/19,2524214.806,618297.3886,175126.8636,100970.2322,862.9545953,1734.911822,62643.55222,664902.7727,4148753.481
5/6/19,2532542.667,620305.6477,176316.9429,102979.1253,862.9545953,1734.911822,62643.55222,666256.5988,4163642.4
5/11/19,2541174.767,622085.4418,177365.3121,104320.8799,862.9545953,1734.911822,62643.55222,668759.955,4178947.775
5/17/19,2548590.318,623063.4277,178506.7359,106849.4028,862.9545953,1734.911822,62643.55222,671543.7401,4193795.043
5/22/19,2556523.229,624427.6009,178724.9256,107519.8308,862.9545953,1734.911822,62643.55222,676131.6112,4208568.616
5/27/19,2563775.748,625438.014,179771.3702,108722.6032,862.9545953,1734.911822,62643.55222,679287.8224,4222236.977
6/2/19,2573026.845,627353.0156,181244.1282,110496.101,862.9545953,1734.911822,62643.55222,680981.0277,4238342.536
6/8/19,2579978.724,628350.5675,182506.1486,111443.3176,862.9545953,1734.911822,62643.55222,684082.9422,4251603.118
6/14/19,2587802.415,630406.1609,183340.7903,111996.4859,862.9545953,1734.911822,62643.55222,686692.9539,4265480.224
6/19/19,2597247.314,632106.674,184496.8434,113504.7611,862.9545953,1734.911822,62643.55222,688854.2207,4281451.232
6/25/19,2603385.402,633644.3015,185229.2304,114568.5849,862.9545953,1734.911822,62643.55222,691666.1316,4293735.069
6/30/19,2610409.549,635746.2929,186184.3363,115896.8797,862.9545953,1734.911822,62643.55222,695107.1704,4308585.647
7/6/19,2617362.629,637043.6439,187090.5541,117213.6513,862.9545953,1734.911822,62643.55222,697977.9495,4321929.847
7/25/19,2624685.251,638143.5778,187925.4226,117869.6645,862.9545953,1734.911822,62643.55222,699518.7847,4333384.119
8/22/19,2629839.99,639272.6599,188362.1091,118538.5688,862.9545953,1734.911822,62643.55222,701597.0064,4342851.753
8/28/19,2636403.95,641190.6492,189660.2889,119988.9951,862.9545953,1734.911822,62643.55222,702082.9262,4354568.228
9/3/19,2642470.689,643000.3175,190848.6934,121318.6356,862.9545953,1734.911822,62643.55222,703546.0621,4366425.816
9/8/19,2650533.329,644145.3509,191717.2149,121851.0609,862.9545953,1734.911822,62643.55222,706173.7007,4379662.075
9/13/19,2657530.239,646039.6343,192565.2627,122986.9415,862.9545953,1734.911822,62643.55222,708166.1442,4392529.641
9/18/19,2664765.285,647698.6427,194059.1578,123523.0607,862.9545953,1734.911822,62643.55222,711277.7938,4406565.359
9/24/19,2671121.871,649967.8964,195141.8897,124329.0843,862.9545953,1734.911822,62643.55222,713885.3466,4419687.506
10/1/19,2677960.793,651014.8008,195801.8383,125276.8497,862.9545953,1734.911822,62643.55222,715163.1293,4430458.83
10/4/19,2678761.177,651374.6916,195915.2524,125550.9683,862.9545953,1734.911822,62643.55222,715543.9828,4432387.491
10/7/19,2686722.564,653188.7564,197608.4514,126344.6062,862.9545953,1734.911822,62643.55222,717718.2805,4446824.077
10/12/19,2694256.414,655036.9931,198722.0612,126877.4955,862.9545953,1734.911822,62643.55222,720291.7513,4460426.133
10/22/19,2702024.759,656394.7716,199888.7945,127421.3871,862.9545953,1734.911822,62643.55222,724185.8064,4475156.937
10/30/19,2710359.046,658225.6285,200525.2132,127957.4748,862.9545953,1734.911822,62643.55222,726887.2927,4489196.074
7/23/20,2716774.119,659355.7624,201341.6141,128517.531,862.9545953,1734.911822,62643.55222,731091.4564,4502321.902
7/29/20,2723694.287,661615.5227,202813.0539,129629.0365,862.9545953,1734.911822,62643.55222,733910.8911,4516904.21
8/5/20,2725970.725,661841.1225,203108.5405,129766.3613,862.9545953,1734.911822,62643.55222,734498.6503,4520426.819
8/11/20,2734022.869,664498.4977,203940.2707,131723.4672,862.9545953,1734.911822,62643.55222,735237.7527,4534664.276
8/16/20,2741282.943,666997.0168,205187.018,132704.0266,862.9545953,1734.911822,62643.55222,737789.917,4549202.34
8/22/20,2748815,669491.652,205984.7448,133820.5198,862.9545953,1734.911822,62643.55222,740043.1048,4563396.44
8/28/20,2756019.803,670630.8259,206794.9634,135611.2223,862.9545953,1734.911822,62643.55222,741485.7061,4575783.94
9/2/20,2763337.415,672299.9448,207966.5782,137667.5982,862.9545953,1734.911822,62643.55222,743390.6401,4589903.595
9/7/20,2770581.433,673872.3625,209429.5945,140011.0051,862.9545953,1734.911822,62643.55222,744607.9038,4603743.718
9/13/20,2777998.914,676011.8305,210042.0104,141394.7453,862.9545953,1734.911822,62643.55222,748698.6207,4619387.54
9/20/20,2784943.253,678045.6307,210976.953,142635.2107,862.9545953,1734.911822,62643.55222,753057.6626,4634900.129
9/26/20,2792824.825,680205.7437,211791.8639,144157.2102,862.9545953,1734.911822,62643.55222,755269.5491,4649490.611
4/6/21,2798862.874,681463.3532,212603.6885,145517.4672,862.9545953,1734.911822,62643.55222,757811.3927,4661500.194
4/11/21,2805139.832,683362.1201,213094.7489,147248.412,862.9545953,1734.911822,62643.55222,759121.6023,4673208.134
4/16/21,2812925.291,685646.4796,213902.6536,149110.1981,862.9545953,1734.911822,62643.55222,760341.2616,4687167.302
4/21/21,2820325.902,687324.7336,214577.2393,150957.0034,862.9545953,1734.911822,62643.55222,762816.631,4701242.928
4/27/21,2826286.983,688111.8446,215290.5098,151632.2355,862.9545953,1734.911822,62643.55222,766035.4129,4712598.404
5/2/21,2834295.055,689703.7214,215897.6385,152866.4093,862.9545953,1734.911822,62643.55222,768858.0615,4726862.304
5/8/21,2841497.725,692000.3094,216775.9521,153684.8747,862.9545953,1734.911822,62643.55222,771939.3692,4741139.649
5/14/21,2848411.235,693499.5478,217688.7966,155333.3293,862.9545953,1734.911822,62643.55222,772427.4371,4752601.765
5/19/21,2855928.907,694994.1951,218098.0944,156015.7198,862.9545953,1734.911822,62643.55222,775756.4198,4766034.755
5/25/21,2863031.029,696112.1999,219005.3076,157361.0862,862.9545953,1734.911822,62643.55222,779394.5042,4780145.546
5/30/21,2869296.042,697497.5725,220429.0734,159084.9159,862.9545953,1734.911822,62643.55222,780236.9862,4791786.009
6/4/21,2876243.545,698991.3,221865.9075,160039.1647,862.9545953,1734.911822,62643.55222,783555.1161,4805936.452
6/11/21,2877271.322,698991.3,222069.0076,160440.9914,862.9545953,1734.911822,62643.55222,783555.1161,4807569.156
6/22/21,2884950.769,700725.6117,222955.3016,161662.7286,862.9545953,1734.911822,62643.55222,786086.8634,4821622.693
6/27/21,2892540.355,702372.1063,223727.3886,162061.3566,862.9545953,1734.911822,62643.55222,788797.1384,4834739.764
7/2/21,2899101.859,703968.7432,224840.7771,163399.5427,862.9545953,1734.911822,62643.55222,791171.6092,4847723.95
7/8/21,2906147.327,705305.3806,225036.0925,163944.175,862.9545953,1734.911822,62643.55222,794203.951,4859878.344
7/13/21,2907214.785,705305.3806,225036.0925,164084.8604,862.9545953,1734.911822,62643.55222,794577.3393,4861459.876
7/18/21,2913870.276,707321.0411,226052.8464,165574.2974,862.9545953,1734.911822,62643.55222,796737.288,4874797.167
7/29/21,2919886.143,708976.2861,226934.752,166406.2707,862.9545953,1734.911822,62643.55222,798774.0825,4886218.952
8/4/21,2928075.394,710690.7555,228577.4136,167360.7191,862.9545953,1734.911822,62643.55222,800752.0185,4900697.719
8/10/21,2931413.63,712265.9517,228876.3953,168444.7909,862.9545953,1734.911822,62643.55222,801935.0329,4908177.22
8/15/21,2937546.898,714166.5023,229796.7364,169263.5183,862.9545953,1734.911822,62643.55222,804372.097,4920387.171
8/21/21,2945044.534,716107.4651,231248.3834,170609.7664,862.9545953,1734.911822,62643.55222,805730.3907,4933981.958
8/26/21,2951554.677,717913.9441,232496.6311,171818.2191,862.9545953,1734.911822,62643.55222,808563.7256,4947588.616
9/1/21,2956199.409,719478.8079,233098.6249,173051.8074,862.9545953,1734.911822,62643.55222,810392.6461,4957462.714
9/6/21,2962161.165,720874.4855,234664.3129,174004.966,862.9545953,1734.911822,62643.55222,813987.1949,4970933.543
9/12/21,2968397.709,722389.6071,235787.7442,175221.459,862.9545953,1734.911822,62643.55222,816073.5386,4983111.477
9/18/21,2974540.673,724103.3414,236986.9796,176581.5692,862.9545953,1734.911822,62643.55222,818135.9538,4995589.936
9/23/21,2980465.41,726287.2738,238465.0566,178436.1059,862.9545953,1734.911822,62643.55222,819688.9966,5008584.262
9/29/21,2986554.633,727983.4992,239765.2478,180023.898,862.9545953,1734.911822,62643.55222,821505.5062,5021074.203
10/6/21,2992728.303,729010.9691,240476.4269,180708.9812,862.9545953,1734.911822,62643.55222,825311.2272,5033477.326
10/11/21,3000071.833,731071.9373,241290.2693,182732.3398,862.9545953,1734.911822,62643.55222,827663.3761,5048071.174
10/14/21,3000825.484,731185.4415,241499.0739,183001.2352,862.9545953,1734.911822,62643.55222,828038.2347,5049790.888
10/17/21,3004996.19,732986.1895,242209.0744,184203.0764,862.9545953,1734.911822,62643.55222,830218.9104,5059854.86
4/8/22,3009482.369,734430.8455,243305.7141,185774.409,862.9545953,1734.911822,62643.55222,831785.3454,5070020.101
4/13/22,3016871.378,736561.593,243716.4618,186988.47,862.9545953,1734.911822,62643.55222,833507.5832,5082886.905
4/19/22,3022983.824,738091.3484,245181.8134,188929.0828,862.9545953,1734.911822,62643.55222,835284.6391,5095712.127
4/25/22,3029481.392,739644.6257,246289.1586,190125.5529,862.9545953,1734.911822,62643.55222,837929.1424,5108711.291
5/1/22,3035526.635,741078.31,247070.6888,191440.5721,862.9545953,1734.911822,62643.55222,840448.7828,5120806.407
5/8/22,3041907.538,743066.5758,247742.2389,193533.7837,862.9545953,1734.911822,62643.55222,842188.8298,5133680.385
5/13/22,3048311.765,744165.1619,248826.4275,194972.8834,862.9545953,1734.911822,62643.55222,844658.8868,5146176.543
5/18/22,3053766.584,745610.3357,249317.2886,196288.1324,862.9545953,1734.911822,62643.55222,847183.7175,5157407.477
7/5/22,3059497.181,746391.9867,249902.881,196822.7162,862.9545953,1734.911822,62643.55222,849953.3499,5167809.533
7/11/22,3065574.15,747879.7319,250395.7709,198012.554,862.9545953,1734.911822,62643.55222,852975.6838,5180079.309
7/16/22,3072070.832,748984.5369,251626.4542,198676.1219,862.9545953,1734.911822,62643.55222,856455.2923,5193054.656